Height,Width,Left,Top,View,Picture,MMStart,MMEnd,MMFile,DataPath,MMLoop,MMDuration,MMChapter,MMDiscID,MMType,Justify,FontColour,FooterColour,AspectRatio,RetainAspect,AudioFileMute,Visualization
82,93,3,6,1,,0.00000000e+00,0.00000000e+00,,0,0,0.00000000e+00,,,,2,16777215,16777215,0.00000000e+00,0,0,0
83,93,3,6,2,"Castles\Castle 2 (JB).jpg",0.00000000e+00,0.00000000e+00,,0,1,0.00000000e+00,,,,0,16777215,65535,1.00000000e+00,0,0,0
83,93,3,6,3,"Coastal\House and Rocks 2 (JB).jpg",0.00000000e+00,0.00000000e+00,,0,1,0.00000000e+00,,,,0,16777215,65535,1.00000000e+00,0,0,0
83,86,8,6,4,"Skies\Very dark sky (DI).jpg",0.00000000e+00,0.00000000e+00,,0,0,0.00000000e+00,,,,0,65535,16777215,,0,0,0
77,62,3,6,5,"Candles\Candles (FF).jpg",0.00000000e+00,0.00000000e+00,,0,0,0.00000000e+00,,,,0,16777215,33023,0.00000000e+00,0,0,0
83,86,5,5,6,"Media\Derbyshire River 2.bmp",0.00000000e+00,1.87199993e+01,"C:\Users\Public\SongPro5\Video\Derbyshire River 2.wmv",1,0,1.87199993e+01,,,"V",0,16777215,65535,7.50000000e-01,0,0,0
83,93,3,6,7,"Media\Byfield Pool Mix.bmp",0.00000000e+00,6.07999992e+01,"C:\Users\Public\SongPro5\Video\Byfield Pool Mix.wmv",1,1,6.07999992e+01,,,"V",2,16777215,65535,7.50000000e-01,0,0,0
67,66,3,6,8,"Birds\Eagle 1(SS).jpg",0.00000000e+00,0.00000000e+00,,0,0,0.00000000e+00,,,,0,0,16777215,,0,0,0
83,93,3,5,9,"Coastal\NZ North South 2.JPG",0.00000000e+00,0.00000000e+00,,0,1,0.00000000e+00,,,,0,16777215,16777215,1.00000000e+00,0,0,0
83,93,3,5,10,"Coastal\NZ North South 3.JPG",0.00000000e+00,0.00000000e+00,,0,1,0.00000000e+00,,,,0,16777215,16777215,1.00000000e+00,0,0,0
83,93,3,5,11,"Coastal\NZ North South 4.JPG",0.00000000e+00,0.00000000e+00,,0,1,0.00000000e+00,,,,0,16777215,16777215,1.00000000e+00,0,0,0
83,93,3,5,12,"Coastal\NZ North South 6.JPG",0.00000000e+00,0.00000000e+00,,0,1,0.00000000e+00,,,,0,16777215,16777215,1.00000000e+00,0,0,0
83,93,3,5,13,"Coastal\NZ North South.JPG",0.00000000e+00,0.00000000e+00,,0,1,0.00000000e+00,,,,0,16777215,16777215,1.00000000e+00,0,0,0
83,86,5,5,14,"Media\Burgundy ripple.bmp",0.00000000e+00,1.51499999e+00,"C:\Users\Public\SongPro5\Video\Burgundy ripple.WMV",1,0,1.51499999e+00,,,"V",0,16777215,65535,7.50000000e-01,0,0,0
83,93,3,5,15,"Coastal\NZ South Coast 1.jpg",0.00000000e+00,0.00000000e+00,,0,1,0.00000000e+00,,,,0,16777215,16777215,1.00000000e+00,0,0,0
68,93,3,6,16,"Landscapes\View from Hilltop (JB).jpg",0.00000000e+00,0.00000000e+00,,0,0,0.00000000e+00,,,,2,16777215,65535,,0,0,0
83,93,3,5,17,"Coastal\NZ South Coast 2.jpg",0.00000000e+00,0.00000000e+00,,0,1,0.00000000e+00,,,,0,16777215,16777215,1.00000000e+00,0,0,0
83,93,3,5,18,"Coastal\NZ South Coast 3.jpg",0.00000000e+00,0.00000000e+00,,0,1,0.00000000e+00,,,,0,16777215,16777215,1.00000000e+00,0,0,0
83,93,3,5,19,"Coastal\NZ South Coast 4.jpg",0.00000000e+00,0.00000000e+00,,0,1,0.00000000e+00,,,,0,16777215,16777215,1.00000000e+00,0,0,0
83,86,8,6,20,"Snow and Ice\Church scene.jpg",0.00000000e+00,0.00000000e+00,,0,0,0.00000000e+00,,,,0,16777215,65535,,0,0,0
83,93,3,5,21,"Coastal\NZ South Coast 5.jpg",0.00000000e+00,0.00000000e+00,,0,1,0.00000000e+00,,,,0,16777215,16777215,1.00000000e+00,0,0,0
83,93,3,6,22,"Patterns\Blue curves (AK).jpg",0.00000000e+00,0.00000000e+00,,0,1,0.00000000e+00,,,,0,16777215,0,7.50000000e-01,0,0,0
42,93,3,6,23,"Patterns\Camera.jpg",0.00000000e+00,0.00000000e+00,,0,0,0.00000000e+00,,,,2,65535,16777215,,0,0,0
83,93,3,5,24,"Coastal\NZ South Coast 6.jpg",0.00000000e+00,0.00000000e+00,,0,1,0.00000000e+00,,,,0,16777215,16777215,1.00000000e+00,0,0,0
83,93,3,6,25,"Birds\Dove 3a(JB).jpg",0.00000000e+00,0.00000000e+00,,0,0,0.00000000e+00,,,,0,16777215,0,0.00000000e+00,0,0,0
83,86,3,6,26,"Flowers\Flower 1 (FF).jpg",0.00000000e+00,0.00000000e+00,,0,0,0.00000000e+00,,,,0,16777215,16737996,,0,0,0
83,93,3,5,27,"Coastal\NZ South Coast 7.jpg",0.00000000e+00,0.00000000e+00,,0,1,0.00000000e+00,,,,0,16777215,16777215,1.00000000e+00,0,0,0
75,79,11,14,28,"Patterns\Leaves (FF).jpg",0.00000000e+00,0.00000000e+00,,0,1,0.00000000e+00,,,,2,16777215,16777215,1.00000000e+00,0,0,0
83,93,3,6,29,"Patterns\Mosaic (JB).JPG",0.00000000e+00,0.00000000e+00,,0,1,0.00000000e+00,,,,0,16777215,0,1.00000000e+00,0,0,0
83,93,3,6,30,"Patterns\Raindrops (FF).jpg",0.00000000e+00,0.00000000e+00,,0,1,0.00000000e+00,,,,0,16777215,8454143,1.00000000e+00,0,0,0
83,93,3,6,31,"Patterns\Red Leaves(AK).jpg",0.00000000e+00,0.00000000e+00,,0,1,0.00000000e+00,,,,0,16777215,16777215,1.00000000e+00,0,0,0
83,93,3,6,32,"Patterns\Red sky (FF).jpg",0.00000000e+00,0.00000000e+00,,0,1,0.00000000e+00,,,,2,65535,16777215,1.00000000e+00,0,0,0
82,93,3,6,33,"Lakes\Lake 2 (SG).jpg",0.00000000e+00,0.00000000e+00,,0,0,0.00000000e+00,,,,2,65535,65535,,0,0,0
83,86,5,6,34,"Media\Mal1.bmp",0.00000000e+00,5.33870010e+01,"C:\Users\Public\SongPro5\Video\Mal1.mp4",1,0,5.33870010e+01,,,"V",2,16777215,65535,5.63380301e-01,0,0,0
83,93,3,6,35,"Patterns\Reflections (DI).jpg",0.00000000e+00,0.00000000e+00,,0,1,0.00000000e+00,,,,0,16777215,16777215,1.00000000e+00,0,0,0
83,93,3,6,36,"Patterns\Rock Pattern 1 (JB).jpg",0.00000000e+00,0.00000000e+00,,0,1,0.00000000e+00,,,,0,16777215,0,1.00000000e+00,0,0,0
83,93,3,6,37,"Coastal\Sand dunes (SG).jpg",0.00000000e+00,0.00000000e+00,,0,0,0.00000000e+00,,,,0,16777215,65535,1.00000000e+00,0,0,0
82,73,23,6,38,"Coastal\Lighthouse (JB).jpg",0.00000000e+00,0.00000000e+00,,0,0,0.00000000e+00,,,,0,16777215,16777215,,0,0,0
83,93,3,6,39,"Lakes\Lifebelt (FF).jpg",0.00000000e+00,0.00000000e+00,,0,0,0.00000000e+00,,,,0,16777215,65535,1.00000000e+00,0,0,0
83,86,5,5,40,"Media\Derbyshire River 1.bmp",0.00000000e+00,1.12779303e+01,"C:\Users\Public\SongPro5\Video\Derbyshire River 1.wmv",1,1,1.12779303e+01,,,"V",0,16777215,65535,7.50000000e-01,0,0,0
83,93,3,5,41,"Lakes\Cumbria 28.jpg",0.00000000e+00,0.00000000e+00,,0,1,0.00000000e+00,,,,0,16777215,16777215,1.00000000e+00,0,0,0
83,86,7,6,42,"Patterns\purple rose (AK).jpg",0.00000000e+00,0.00000000e+00,,0,0,0.00000000e+00,,,,2,65535,16777215,,0,0,0
83,93,3,6,43,"Patterns\Tree Abstract(AK).jpg",0.00000000e+00,0.00000000e+00,,0,1,0.00000000e+00,,,,0,16777215,65535,1.00000000e+00,0,0,0
83,93,3,6,44,"Patterns\TreesZoom (AK).jpg",0.00000000e+00,0.00000000e+00,,0,1,0.00000000e+00,,,,0,16777215,16777215,1.00000000e+00,0,0,0
82,78,3,6,45,"Coastal\Barbados Beach (JB).jpg",0.00000000e+00,0.00000000e+00,,0,0,0.00000000e+00,,,,0,16777215,65535,0.00000000e+00,0,0,0
83,93,3,6,46,"Patterns\Yellow Coast (AK).jpg",0.00000000e+00,0.00000000e+00,,0,1,0.00000000e+00,,,,2,16777215,65535,1.00000000e+00,0,0,0
83,93,3,6,47,"Rocks\Rocks3 (JB).jpg",0.00000000e+00,0.00000000e+00,,0,1,0.00000000e+00,,,,0,16777215,16777215,1.00000000e+00,0,0,0
83,93,3,6,48,"Sea\Choppy seas (FF).jpg",0.00000000e+00,0.00000000e+00,,0,1,0.00000000e+00,,,,0,16777215,65535,1.00000000e+00,0,0,0
83,93,3,6,49,"Sea\Coral fish (JB).jpg",0.00000000e+00,0.00000000e+00,,0,1,0.00000000e+00,,,,0,16777215,16777215,1.00000000e+00,0,0,0
83,93,3,6,50,"Skies\Sunglare (JB).jpg",0.00000000e+00,0.00000000e+00,,0,1,0.00000000e+00,,,,0,16777215,0,1.00000000e+00,0,0,0
83,93,3,6,51,"Sunsets\Desert Sky (AK).jpg",0.00000000e+00,0.00000000e+00,,0,1,0.00000000e+00,,,,0,16777215,65535,1.00000000e+00,0,0,0
83,93,3,6,52,"Sunsets\Sunset 3 (FF).jpg",0.00000000e+00,0.00000000e+00,,0,1,0.00000000e+00,,,,0,16777215,65535,1.00000000e+00,0,0,0
82,54,3,6,53,"Castles\Building on cliff 2 (JB).jpg",0.00000000e+00,0.00000000e+00,,0,0,0.00000000e+00,,,,0,65535,16777215,0.00000000e+00,0,0,0
83,86,7,6,54,"Coastal\Sea and Foreground 3(SS).JPG",0.00000000e+00,0.00000000e+00,,0,0,0.00000000e+00,,,,0,16777215,16777215,,0,0,0
83,93,3,6,55,"Sunsets\Swirling Cloud (JB).JPG",0.00000000e+00,0.00000000e+00,,0,1,0.00000000e+00,,,,0,16777215,65535,1.00000000e+00,0,0,0
83,93,3,6,56,"Sunsets\very orange sunset (RW).jpg",0.00000000e+00,0.00000000e+00,,0,1,0.00000000e+00,,,,0,0,16777215,1.00000000e+00,0,0,0
83,93,3,6,57,"Sunsets\Very pink sunset 3 (RW).jpg",0.00000000e+00,0.00000000e+00,,0,1,0.00000000e+00,,,,0,16777215,16777215,1.00000000e+00,0,0,0
83,93,3,6,58,"Sunsets\Windmills 1(SS).jpg",0.00000000e+00,0.00000000e+00,,0,1,0.00000000e+00,,,,0,16777215,65535,1.00000000e+00,0,0,0
83,93,3,6,59,"Trees\Avenue of trees (FF).jpg",0.00000000e+00,0.00000000e+00,,0,1,0.00000000e+00,,,,0,16777215,16777215,1.00000000e+00,0,0,0
83,93,3,6,60,"Trees\Bare trees on grass (JB).jpg",0.00000000e+00,0.00000000e+00,,0,1,0.00000000e+00,,,,0,16777215,65535,1.00000000e+00,0,0,0
83,93,3,6,61,"Trees\Bradgate Tree (JB).jpg",0.00000000e+00,0.00000000e+00,,0,1,0.00000000e+00,,,,0,16777215,65535,1.00000000e+00,0,0,0
83,93,3,6,62,"Trees\Picnic Tree (JB).jpg",0.00000000e+00,0.00000000e+00,,0,1,0.00000000e+00,,,,0,16777215,65535,1.00000000e+00,0,0,0
83,93,3,6,63,"Trees\Trees 1(SS).JPG",0.00000000e+00,0.00000000e+00,,0,1,0.00000000e+00,,,,0,16777215,65535,1.00000000e+00,0,0,0
83,93,3,6,64,"Trees\Windblown hedge (JB).jpg",0.00000000e+00,0.00000000e+00,,0,1,0.00000000e+00,,,,0,16777215,65535,1.00000000e+00,0,0,0
83,93,3,6,65,"Trees\Windblown tree (JB).jpg",0.00000000e+00,0.00000000e+00,,0,1,0.00000000e+00,,,,0,16777215,16777215,1.00000000e+00,0,0,0
83,93,3,6,66,"Waterfalls\Waterfall (AK).jpg",0.00000000e+00,0.00000000e+00,,0,1,0.00000000e+00,,,,0,16777215,65535,1.00000000e+00,0,0,0
83,93,3,5,67,"Windmills\Windmill 1 (JB).jpg",0.00000000e+00,0.00000000e+00,,0,1,0.00000000e+00,,,,0,0,0,1.00000000e+00,0,0,0
83,93,3,6,68,"Windmills\Windmills 2(SS).jpg",0.00000000e+00,0.00000000e+00,,0,1,0.00000000e+00,,,,0,0,16777215,1.00000000e+00,0,0,0
83,86,5,5,69,"Media\Crocus.bmp",0.00000000e+00,1.49600000e+01,"C:\Users\Public\SongPro5\Video\Crocus.wmv",1,1,1.49600000e+01,,,"V",0,16777215,65535,7.50000000e-01,0,0,0
83,93,3,5,70,"Lakes\NZ South Mountains Lakes 1.jpg",0.00000000e+00,0.00000000e+00,,0,1,0.00000000e+00,,,,0,16777215,16777215,1.00000000e+00,0,0,0
83,86,5,5,71,"Media\Daffodils 1.bmp",0.00000000e+00,1.49600000e+01,"C:\Users\Public\SongPro5\Video\Daffodils 1.wmv",1,1,1.49600000e+01,,,"V",0,16777215,65535,7.50000000e-01,0,0,0
83,86,5,5,72,"Media\Mal2.bmp",0.00000000e+00,1.98869991e+01,"C:\Users\Public\SongPro5\Video\Mal2.mp4",1,0,1.98869991e+01,,,"V",0,16777215,65535,5.63380301e-01,0,0,0
83,86,5,5,73,"Media\Derbyshire River 3.bmp",0.00000000e+00,1.35200005e+01,"C:\Users\Public\SongPro5\Video\Derbyshire River 3.wmv",1,1,1.35200005e+01,,,"V",0,16777215,65535,7.50000000e-01,0,0,0
83,86,5,5,74,"Media\Derbyshire Waterfall.bmp",0.00000000e+00,1.50000000e+01,"C:\Users\Public\SongPro5\Video\Derbyshire Waterfall.wmv",1,1,1.50000000e+01,,,"V",0,16777215,65535,7.50000000e-01,0,0,0
83,93,3,5,75,"Lakes\NZ South Mountains Lakes 2.jpg",0.00000000e+00,0.00000000e+00,,0,1,0.00000000e+00,,,,0,16777215,16777215,1.00000000e+00,0,0,0
83,86,5,5,76,"Media\Just Water.bmp",0.00000000e+00,1.13599997e+01,"C:\Users\Public\SongPro5\Video\Just Water.wmv",1,1,1.13599997e+01,,,"V",0,16777215,65535,7.50000000e-01,0,0,0
83,93,3,5,77,"Lakes\NZ South Mountains Lakes 3.jpg",0.00000000e+00,0.00000000e+00,,0,1,0.00000000e+00,,,,0,16777215,16777215,1.00000000e+00,0,0,0
83,86,5,5,78,"Media\Tree and Sky.bmp",0.00000000e+00,1.27200003e+01,"C:\Users\Public\SongPro5\Video\Tree and Sky.wmv",1,1,1.27200003e+01,,,"V",0,16777215,65535,7.50000000e-01,0,0,0
83,86,5,5,79,"Media\Tree in Lake.bmp",0.00000000e+00,7.59999990e+00,"C:\Users\Public\SongPro5\Video\Tree in Lake.wmv",1,1,7.59999990e+00,,,"V",0,16777215,65535,7.50000000e-01,0,0,0
83,86,5,5,80,"Media\Water Sparkle.bmp",0.00000000e+00,2.85200005e+01,"C:\Users\Public\SongPro5\Video\Water Sparkle.wmv",1,1,2.85200005e+01,,,"V",0,16777215,65535,7.50000000e-01,0,0,0
83,93,3,5,81,"Lakes\NZ South Mountains Lakes 4.jpg",0.00000000e+00,0.00000000e+00,,0,1,0.00000000e+00,,,,0,16777215,16777215,1.00000000e+00,0,0,0
83,86,5,5,82,"Media\The Bible Course Session 3 - Exodus & The Promised Land.bmp",0.00000000e+00,2.11900000e+03,"C:\Users\Public\SongPro5\Video\The Bible Course Session 3 - Exodus & The Promised Land.mp4",1,0,2.11900000e+03,,,"V",0,16777215,16777215,5.62500000e-01,0,0,0
74,92,3,5,83,"Favourites\Christmas 2019 songs background.jpg",0.00000000e+00,0.00000000e+00,,0,1,0.00000000e+00,,,,2,16777215,16777215,0.00000000e+00,0,0,0
83,86,5,5,84,"Media\Meet the Nativity 1_ The Boyfriend-Pj7COFpxFAc_x264.bmp",0.00000000e+00,3.26000000e+02,"C:\Users\Public\SongPro5\Video\Meet the Nativity 1_ The Boyfriend-Pj7COFpxFAc_x264.mp4",1,0,2.90047211e+02,,,"V",0,16777215,16777215,7.50000000e-01,0,0,0
83,86,5,5,85,"Media\Christianity Explored_ About the Course-cTASHKTPQZ0_x264.bmp",0.00000000e+00,9.00000000e+01,"C:\Users\Public\SongPro5\Video\Christianity Explored_ About the Course-cTASHKTPQZ0_x264.mp4",1,0,9.00000000e+01,,,"V",0,16777215,16777215,7.50000000e-01,0,0,0
83,93,3,5,86,"Lakes\NZ South Mountains Lakes 5.jpg",0.00000000e+00,0.00000000e+00,,0,1,0.00000000e+00,,,,0,16777215,16777215,1.00000000e+00,0,0,0
83,93,3,5,87,"Lakes\NZ South Mountains Lakes 6.jpg",0.00000000e+00,0.00000000e+00,,0,1,0.00000000e+00,,,,0,16777215,16777215,1.00000000e+00,0,0,0
83,93,3,5,88,"Lakes\NZ South Mountains Lakes 7.jpg",0.00000000e+00,0.00000000e+00,,0,1,0.00000000e+00,,,,0,16777215,16777215,1.00000000e+00,0,0,0
83,93,3,5,89,"Lakes\NZ South Mountains Lakes 8.jpg",0.00000000e+00,0.00000000e+00,,0,1,0.00000000e+00,,,,0,16777215,16777215,1.00000000e+00,0,0,0
83,93,3,5,90,"Lakes\NZ South Mountains Lakes 9.jpg",0.00000000e+00,0.00000000e+00,,0,1,0.00000000e+00,,,,0,16777215,16777215,1.00000000e+00,0,0,0
83,93,3,6,91,"Patterns\Carved Seagulls (JB).jpg",0.00000000e+00,0.00000000e+00,,0,0,0.00000000e+00,,,,0,16777215,0,0.00000000e+00,0,0,0
83,86,5,5,92,"Media\Signs of Hope_ Children in Aleppo sing a Christmas Carol.bmp",0.00000000e+00,6.60000000e+01,"C:\Users\Public\SongPro5\Video\Signs of Hope_ Children in Aleppo sing a Christmas Carol.mp4",1,0,6.60000000e+01,,,"V",0,16777215,16777215,5.62500000e-01,0,0,0
74,56,40,6,93,"Coastal\White Cliffs 1 (JB).jpg",0.00000000e+00,0.00000000e+00,,0,0,0.00000000e+00,,,,0,16777215,65535,,0,0,0
78,67,3,6,94,"Coastal\White cliff edge (JB).jpg",0.00000000e+00,0.00000000e+00,,0,0,0.00000000e+00,,,,0,16777215,65535,7.50000000e-01,0,0,0
83,65,3,6,95,"Coastal\sailboat (FF).jpg",0.00000000e+00,0.00000000e+00,,0,0,0.00000000e+00,,,,0,16777215,65535,0.00000000e+00,0,0,0
83,86,5,5,96,"Media\You_Reign_2019_dload_hi.bmp",0.00000000e+00,3.12000000e+02,"C:\Users\Public\SongPro5\Video\You_Reign_2019_dload_hi.mp4",1,0,3.12000000e+02,,,"V",0,16777215,16777215,5.62500000e-01,0,0,0
83,93,3,5,97,"Coastal\NZ North-South 4.jpg",0.00000000e+00,0.00000000e+00,,0,1,0.00000000e+00,,,,0,16777215,65535,1.00000000e+00,0,0,0
86,93,3,5,99,"Favourites\145562.jpg",0.00000000e+00,0.00000000e+00,,0,1,0.00000000e+00,,,,2,16777215,16777215,0.00000000e+00,0,0,0
83,93,3,5,100,"Favourites\145562.jpg",0.00000000e+00,0.00000000e+00,,0,1,0.00000000e+00,,,,0,16777215,16777215,1.00000000e+00,0,0,0
83,93,3,6,106,"Patterns\Simple Snow (AK).jpg",0.00000000e+00,0.00000000e+00,,0,0,0.00000000e+00,,,,0,65535,16777215,,0,0,0
82,93,3,6,108,"Crosses\Crosses (AK).jpg",0.00000000e+00,0.00000000e+00,,0,0,0.00000000e+00,,,,0,65535,16777215,0.00000000e+00,0,0,0
83,61,35,6,109,"Flowers\Hibiscus (red flower) RW.jpg",0.00000000e+00,0.00000000e+00,,0,0,0.00000000e+00,,,,1,0,0,,0,0,0
83,93,3,6,114,"Coastal\Sailing Barge (JB).jpg",0.00000000e+00,0.00000000e+00,,0,0,0.00000000e+00,,,,0,16777215,65535,,0,0,0
83,93,3,6,115,"Coastal\Sandy Riverside 3 (JB).jpg",0.00000000e+00,0.00000000e+00,,0,0,0.00000000e+00,,,,0,16777215,65535,,0,0,0
83,93,3,5,116,"Landscapes\Cumbria 17.jpg",0.00000000e+00,0.00000000e+00,,0,1,0.00000000e+00,,,,0,16777215,16777215,1.00000000e+00,0,0,0
83,93,3,6,117,"Coastal\CloudPat (JB).jpg",0.00000000e+00,0.00000000e+00,,0,0,0.00000000e+00,,,,0,0,16777215,0.00000000e+00,0,0,0
83,93,3,6,118,"Castles\Castle 1 (JB).jpg",0.00000000e+00,0.00000000e+00,,0,0,0.00000000e+00,,,,0,16777215,65535,,0,0,0
83,93,3,5,119,"Landscapes\Cumbria 18.jpg",0.00000000e+00,0.00000000e+00,,0,1,0.00000000e+00,,,,0,16777215,16777215,1.00000000e+00,0,0,0
83,93,3,5,120,"Landscapes\Cumbria 5.jpg",0.00000000e+00,0.00000000e+00,,0,1,0.00000000e+00,,,,0,16777215,16777215,1.00000000e+00,0,0,0
83,93,3,5,121,"Landscapes\Dry Land (JB).jpg",0.00000000e+00,0.00000000e+00,,0,1,0.00000000e+00,,,,0,16777215,16777215,1.00000000e+00,0,0,0
83,93,3,5,122,"Landscapes\Grasses 2.JPG",0.00000000e+00,0.00000000e+00,,0,1,0.00000000e+00,,,,0,16777215,16777215,1.00000000e+00,0,0,0
83,93,3,5,123,"Landscapes\Grasses.JPG",0.00000000e+00,0.00000000e+00,,0,1,0.00000000e+00,,,,0,16777215,16777215,1.00000000e+00,0,0,0
83,93,3,5,124,"Landscapes\NZ Coast 2.JPG",0.00000000e+00,0.00000000e+00,,0,1,0.00000000e+00,,,,0,16777215,16777215,1.00000000e+00,0,0,0
83,93,3,5,126,"Coastal\NZ Wellington 2.jpg",0.00000000e+00,0.00000000e+00,,0,1,0.00000000e+00,,,,0,16777215,65535,1.00000000e+00,0,0,0
83,93,3,5,128,"Coastal\NZ Wellington.jpg",0.00000000e+00,0.00000000e+00,,0,1,0.00000000e+00,,,,0,16777215,65535,1.00000000e+00,0,0,0
83,93,3,6,130,"Crosses\Cross on Hill (DN).jpg",0.00000000e+00,0.00000000e+00,,0,1,0.00000000e+00,,,,0,0,65535,1.00000000e+00,0,0,0
83,93,3,5,131,"Landscapes\NZ South Coast 8.jpg",0.00000000e+00,0.00000000e+00,,0,1,0.00000000e+00,,,,0,16777215,16777215,1.00000000e+00,0,0,0
83,93,3,5,132,"Crosses\CrossOnWorld.jpg",0.00000000e+00,0.00000000e+00,,0,1,0.00000000e+00,,,,0,16777215,65535,1.00000000e+00,0,0,0
83,93,3,5,133,"Mountains\early dawn2 (JB).jpg",0.00000000e+00,0.00000000e+00,,0,1,0.00000000e+00,,,,0,16777215,16777215,1.00000000e+00,0,0,0
83,93,3,5,134,"Mountains\Hills 1(SS).JPG",0.00000000e+00,0.00000000e+00,,0,1,0.00000000e+00,,,,0,16777215,16777215,1.00000000e+00,0,0,0
83,93,3,5,135,"Mountains\NZ South Mountains 1.jpg",0.00000000e+00,0.00000000e+00,,0,1,0.00000000e+00,,,,0,16777215,16777215,1.00000000e+00,0,0,0
83,93,3,5,136,"Mountains\NZ South Mountains 2.jpg",0.00000000e+00,0.00000000e+00,,0,1,0.00000000e+00,,,,0,16777215,16777215,1.00000000e+00,0,0,0
83,93,3,5,137,"Mountains\NZ South Mountains 3.jpg",0.00000000e+00,0.00000000e+00,,0,1,0.00000000e+00,,,,0,16777215,16777215,1.00000000e+00,0,0,0
83,93,3,5,138,"Mountains\NZ South Mountains 4.jpg",0.00000000e+00,0.00000000e+00,,0,1,0.00000000e+00,,,,0,16777215,16777215,1.00000000e+00,0,0,0
83,93,3,5,139,"Lakes\Cumbria 1.jpg",0.00000000e+00,0.00000000e+00,,0,1,0.00000000e+00,,,,0,16777215,65535,1.00000000e+00,0,0,0
83,93,3,5,140,"Lakes\Cumbria 10.jpg",0.00000000e+00,0.00000000e+00,,0,1,0.00000000e+00,,,,0,16777215,65535,1.00000000e+00,0,0,0
83,93,3,5,141,"Lakes\Cumbria 11.jpg",0.00000000e+00,0.00000000e+00,,0,1,0.00000000e+00,,,,0,16777215,65535,1.00000000e+00,0,0,0
83,93,3,5,142,"Lakes\Cumbria 12.jpg",0.00000000e+00,0.00000000e+00,,0,1,0.00000000e+00,,,,0,16777215,65535,1.00000000e+00,0,0,0
83,93,3,6,143,"Lakes\Cumbria 13.jpg",0.00000000e+00,0.00000000e+00,,0,1,0.00000000e+00,,,,0,16777215,65535,1.00000000e+00,0,0,0
83,93,3,5,144,"Lakes\Cumbria 14.jpg",0.00000000e+00,0.00000000e+00,,0,1,0.00000000e+00,,,,0,16777215,65535,1.00000000e+00,0,0,0
83,93,3,5,145,"Lakes\Cumbria 15.jpg",0.00000000e+00,0.00000000e+00,,0,1,0.00000000e+00,,,,0,16777215,65535,1.00000000e+00,0,0,0
83,93,3,6,148,"Lakes\Cumbria 19.jpg",0.00000000e+00,0.00000000e+00,,0,1,0.00000000e+00,,,,0,16777215,65535,1.00000000e+00,0,0,0
83,93,3,5,149,"Lakes\Cumbria 20.jpg",0.00000000e+00,0.00000000e+00,,0,1,0.00000000e+00,,,,0,16777215,65535,1.00000000e+00,0,0,0
83,93,3,5,150,"Lakes\Cumbria 21.jpg",0.00000000e+00,0.00000000e+00,,0,1,0.00000000e+00,,,,0,16777215,65535,1.00000000e+00,0,0,0
83,93,3,5,151,"Lakes\Cumbria 22.jpg",0.00000000e+00,0.00000000e+00,,0,1,0.00000000e+00,,,,0,16777215,65535,1.00000000e+00,0,0,0
83,93,3,5,152,"Lakes\Cumbria 23.jpg",0.00000000e+00,0.00000000e+00,,0,1,0.00000000e+00,,,,0,16777215,65535,1.00000000e+00,0,0,0
83,93,3,5,153,"Lakes\Cumbria 24.jpg",0.00000000e+00,0.00000000e+00,,0,1,0.00000000e+00,,,,0,16777215,65535,1.00000000e+00,0,0,0
83,93,3,5,154,"Lakes\Cumbria 26.jpg",0.00000000e+00,0.00000000e+00,,0,1,0.00000000e+00,,,,0,16777215,65535,1.00000000e+00,0,0,0
83,93,3,5,155,"Lakes\Cumbria 27.jpg",0.00000000e+00,0.00000000e+00,,0,1,0.00000000e+00,,,,0,16777215,65535,1.00000000e+00,0,0,0
83,93,3,5,156,"Mountains\NZ South Mountains 5.jpg",0.00000000e+00,0.00000000e+00,,0,1,0.00000000e+00,,,,0,16777215,16777215,1.00000000e+00,0,0,0
83,93,3,5,157,"Lakes\Cumbria 31.jpg",0.00000000e+00,0.00000000e+00,,0,1,0.00000000e+00,,,,0,16777215,65535,1.00000000e+00,0,0,0
83,93,3,5,158,"Lakes\Cumbria 32.jpg",0.00000000e+00,0.00000000e+00,,0,1,0.00000000e+00,,,,0,16777215,65535,1.00000000e+00,0,0,0
83,93,3,5,159,"Lakes\Cumbria 33.jpg",0.00000000e+00,0.00000000e+00,,0,1,0.00000000e+00,,,,0,16777215,65535,1.00000000e+00,0,0,0
83,93,3,5,160,"Lakes\Cumbria 35.jpg",0.00000000e+00,0.00000000e+00,,0,1,0.00000000e+00,,,,0,16777215,65535,1.00000000e+00,0,0,0
83,93,3,5,161,"Lakes\Cumbria 36.jpg",0.00000000e+00,0.00000000e+00,,0,1,0.00000000e+00,,,,0,16777215,65535,1.00000000e+00,0,0,0
83,93,3,6,162,"Lakes\Cumbria 37.jpg",0.00000000e+00,0.00000000e+00,,0,1,0.00000000e+00,,,,0,16777215,65535,1.00000000e+00,0,0,0
83,93,3,5,163,"Lakes\Cumbria 38.jpg",0.00000000e+00,0.00000000e+00,,0,1,0.00000000e+00,,,,0,16777215,65535,1.00000000e+00,0,0,0
83,93,3,5,164,"Lakes\Cumbria 40.jpg",0.00000000e+00,0.00000000e+00,,0,1,0.00000000e+00,,,,0,16777215,65535,1.00000000e+00,0,0,0
83,93,3,5,165,"Lakes\Cumbria 41.jpg",0.00000000e+00,0.00000000e+00,,0,1,0.00000000e+00,,,,0,16777215,65535,1.00000000e+00,0,0,0
83,93,3,5,166,"Lakes\Cumbria 42.jpg",0.00000000e+00,0.00000000e+00,,0,1,0.00000000e+00,,,,0,16777215,65535,1.00000000e+00,0,0,0
83,93,3,5,167,"Lakes\Cumbria 43.jpg",0.00000000e+00,0.00000000e+00,,0,1,0.00000000e+00,,,,0,16777215,65535,1.00000000e+00,0,0,0
83,93,3,5,168,"Lakes\Cumbria 44.jpg",0.00000000e+00,0.00000000e+00,,0,1,0.00000000e+00,,,,0,16777215,65535,1.00000000e+00,0,0,0
83,93,3,5,169,"Lakes\Cumbria 46.jpg",0.00000000e+00,0.00000000e+00,,0,1,0.00000000e+00,,,,0,16777215,65535,1.00000000e+00,0,0,0
83,93,3,5,171,"Lakes\Cumbria 6.jpg",0.00000000e+00,0.00000000e+00,,0,1,0.00000000e+00,,,,0,16777215,65535,1.00000000e+00,0,0,0
83,93,3,5,172,"Lakes\Cumbria 7.jpg",0.00000000e+00,0.00000000e+00,,0,1,0.00000000e+00,,,,0,16777215,65535,1.00000000e+00,0,0,0
83,93,3,6,173,"Lakes\Cumbria 8.jpg",0.00000000e+00,0.00000000e+00,,0,1,0.00000000e+00,,,,2,16777215,65535,7.50000000e-01,0,0,0
83,93,3,5,175,"Lakes\NZ Lake 2.jpg",0.00000000e+00,0.00000000e+00,,0,1,0.00000000e+00,,,,0,16777215,65535,1.00000000e+00,0,0,0
83,93,3,5,176,"Lakes\NZ Lake 3.jpg",0.00000000e+00,0.00000000e+00,,0,1,0.00000000e+00,,,,2,16777215,65535,0.00000000e+00,0,0,0
83,93,3,5,179,"Lakes\NZ Lake.jpg",0.00000000e+00,0.00000000e+00,,0,1,0.00000000e+00,,,,0,16777215,65535,1.00000000e+00,0,0,0
83,93,3,5,183,"Mountains\NZ South Mountains 6.jpg",0.00000000e+00,0.00000000e+00,,0,1,0.00000000e+00,,,,0,16777215,16777215,1.00000000e+00,0,0,0
83,93,3,5,184,"Mountains\NZ South Mountains Glacier 1.jpg",0.00000000e+00,0.00000000e+00,,0,1,0.00000000e+00,,,,0,16777215,16777215,1.00000000e+00,0,0,0
83,93,3,5,185,"Mountains\NZ South Mountains Glacier 2.jpg",0.00000000e+00,0.00000000e+00,,0,1,0.00000000e+00,,,,0,16777215,16777215,1.00000000e+00,0,0,0
83,93,3,5,186,"Mountains\NZ South Mountains Glacier 3.jpg",0.00000000e+00,0.00000000e+00,,0,1,0.00000000e+00,,,,0,16777215,16777215,1.00000000e+00,0,0,0
83,93,3,5,187,"Mountains\NZ South Mountains Glacier 4.jpg",0.00000000e+00,0.00000000e+00,,0,1,0.00000000e+00,,,,0,16777215,16777215,1.00000000e+00,0,0,0
83,93,3,5,188,"Mountains\NZ South Mountains Lakes 10.jpg",0.00000000e+00,0.00000000e+00,,0,1,0.00000000e+00,,,,0,16777215,16777215,1.00000000e+00,0,0,0
83,93,3,5,189,"Mountains\NZ South Mountains Lakes 11.jpg",0.00000000e+00,0.00000000e+00,,0,1,0.00000000e+00,,,,0,16777215,16777215,1.00000000e+00,0,0,0
83,93,3,5,190,"Mountains\NZ South Mountains Lakes 12.jpg",0.00000000e+00,0.00000000e+00,,0,1,0.00000000e+00,,,,0,16777215,16777215,1.00000000e+00,0,0,0
83,93,3,5,191,"Mountains\Snowcapped mountains 2(JB).jpg",0.00000000e+00,0.00000000e+00,,0,1,0.00000000e+00,,,,0,16777215,16777215,1.00000000e+00,0,0,0
83,93,3,5,193,"Mountains\Snowy Mountains and lake (SG).jpg",0.00000000e+00,0.00000000e+00,,0,1,0.00000000e+00,,,,0,16777215,16777215,1.00000000e+00,0,0,0
83,93,3,5,195,"Landscapes\Cumbria 2.jpg",0.00000000e+00,0.00000000e+00,,0,1,0.00000000e+00,,,,0,16777215,65535,1.00000000e+00,0,0,0
83,93,3,5,197,"Landscapes\Cumbria 29.jpg",0.00000000e+00,0.00000000e+00,,0,1,0.00000000e+00,,,,0,16777215,65535,1.00000000e+00,0,0,0
83,93,3,5,198,"Landscapes\Cumbria 3.jpg",0.00000000e+00,0.00000000e+00,,0,1,0.00000000e+00,,,,0,16777215,65535,1.00000000e+00,0,0,0
83,93,3,5,199,"Landscapes\Cumbria 34.jpg",0.00000000e+00,0.00000000e+00,,0,1,0.00000000e+00,,,,0,16777215,65535,1.00000000e+00,0,0,0
83,93,3,5,200,"Landscapes\Cumbria 47.jpg",0.00000000e+00,0.00000000e+00,,0,1,0.00000000e+00,,,,0,16777215,65535,1.00000000e+00,0,0,0
83,93,3,5,201,"Landscapes\Cumbria 48.jpg",0.00000000e+00,0.00000000e+00,,0,1,0.00000000e+00,,,,0,16777215,65535,1.00000000e+00,0,0,0
83,93,3,5,211,"Landscapes\NZ Coast 3.jpg",0.00000000e+00,0.00000000e+00,,0,1,0.00000000e+00,,,,0,16777215,65535,1.00000000e+00,0,0,0
83,93,3,6,238,"Patterns\Icecopy(AK).jpg",0.00000000e+00,0.00000000e+00,,0,1,0.00000000e+00,,,,2,16777215,65535,0.00000000e+00,0,0,0
83,93,3,5,239,"Rocks\rocky peak (JB).jpg",0.00000000e+00,0.00000000e+00,,0,1,0.00000000e+00,,,,0,16777215,65535,1.00000000e+00,0,0,0
83,93,3,5,240,"Rocks\White cliffs 2 (JB).jpg",0.00000000e+00,0.00000000e+00,,0,1,0.00000000e+00,,,,0,16777215,65535,1.00000000e+00,0,0,0
83,93,3,5,241,"Sheep\Cumbria 30.jpg",0.00000000e+00,0.00000000e+00,,0,1,0.00000000e+00,,,,0,16777215,65535,1.00000000e+00,0,0,0
83,93,3,5,242,"Sheep\Sheep 1 (JB).jpg",0.00000000e+00,0.00000000e+00,,0,1,0.00000000e+00,,,,0,16777215,65535,1.00000000e+00,0,0,0
83,93,3,5,243,"Sheep\Sheep 2 (JB).jpg",0.00000000e+00,0.00000000e+00,,0,1,0.00000000e+00,,,,0,16777215,65535,1.00000000e+00,0,0,0
83,93,3,5,244,"Snow and Ice\Out of Season (JB).jpg",0.00000000e+00,0.00000000e+00,,0,1,0.00000000e+00,,,,0,16777215,65535,1.00000000e+00,0,0,0
83,93,3,5,245,"Spring\Bluebells 1 (JB).JPG",0.00000000e+00,0.00000000e+00,,0,1,0.00000000e+00,,,,0,16777215,65535,1.00000000e+00,0,0,0
83,93,3,5,246,"Spring\Bluebells 2 (JB).JPG",0.00000000e+00,0.00000000e+00,,0,1,0.00000000e+00,,,,0,16777215,65535,1.00000000e+00,0,0,0
83,93,3,5,249,"Trees\Cumbria 16.jpg",0.00000000e+00,0.00000000e+00,,0,1,0.00000000e+00,,,,0,16777215,65535,1.00000000e+00,0,0,0
83,93,3,5,250,"Trees\Cumbria 25.jpg",0.00000000e+00,0.00000000e+00,,0,1,0.00000000e+00,,,,0,16777215,65535,1.00000000e+00,0,0,0
83,93,3,5,251,"Trees\Cumbria 39.jpg",0.00000000e+00,0.00000000e+00,,0,1,0.00000000e+00,,,,0,16777215,65535,1.00000000e+00,0,0,0
83,93,3,5,252,"Trees\Cumbria 4.jpg",0.00000000e+00,0.00000000e+00,,0,1,0.00000000e+00,,,,0,16777215,65535,1.00000000e+00,0,0,0
83,93,3,5,253,"Trees\Cumbria 9.jpg",0.00000000e+00,0.00000000e+00,,0,1,0.00000000e+00,,,,0,16777215,65535,1.00000000e+00,0,0,0
83,86,5,5,254,"Media\Mal3.bmp",0.00000000e+00,7.70800018e+00,"C:\Users\Public\SongPro5\Video\Mal3.mp4",1,0,7.70800018e+00,,,"V",0,16777215,65535,5.63380301e-01,0,0,0
83,86,5,5,255,"Media\NZ1.bmp",0.00000000e+00,2.40853119e+01,"C:\Users\Public\SongPro5\Video\NZ1.mp4",1,0,2.40853119e+01,,,"V",0,16777215,65535,7.50000000e-01,0,0,0
52,86,8,6,261,"Mountains\Above Mountaintops (SG).jpg",0.00000000e+00,0.00000000e+00,,0,1,0.00000000e+00,,,,2,16777215,16777215,0.00000000e+00,0,0,0
46,86,8,6,265,"Coastal\Beach (SG).jpg",0.00000000e+00,0.00000000e+00,,0,0,0.00000000e+00,,,,2,4194368,0,,0,0,0
83,93,3,6,266,"Bible\Bible (FF).jpg",0.00000000e+00,0.00000000e+00,,0,0,0.00000000e+00,,,,4,16777215,65535,0.00000000e+00,0,0,0
83,53,43,6,267,"Spring\Blossom (JB).jpg",0.00000000e+00,0.00000000e+00,,0,0,0.00000000e+00,,,,2,16777215,16777215,,0,0,0
83,86,8,6,269,"Coastal\Blue Sea 1(SS).jpg",0.00000000e+00,0.00000000e+00,,0,0,0.00000000e+00,,,,2,16776960,,,0,0,0
83,86,8,6,271,"Sea\Blue Sea 3(SS).jpg",0.00000000e+00,0.00000000e+00,,0,0,0.00000000e+00,,,,2,16776960,,,0,0,0
70,85,8,6,273,"Coastal\Boats 5(JB).jpg",0.00000000e+00,0.00000000e+00,,0,0,0.00000000e+00,,,,2,16777215,16777215,,0,0,0
83,86,8,6,274,"Landscapes\Bradgate Park (JB).jpg",0.00000000e+00,0.00000000e+00,,0,0,0.00000000e+00,,,,2,65535,65535,,0,0,0
61,93,3,6,275,"Rocks\Bradgate Rocks (JB).jpg",0.00000000e+00,0.00000000e+00,,0,0,0.00000000e+00,,,,0,16777215,16777215,,0,0,0
51,93,3,5,277,"Coastal\Breaker (JB).jpg",0.00000000e+00,0.00000000e+00,,0,0,0.00000000e+00,,,,2,16777215,65535,,0,0,0
46,93,3,47,278,"Bridges\Bridge (JB).jpg",0.00000000e+00,0.00000000e+00,,0,0,0.00000000e+00,,,,0,65280,16777215,0.00000000e+00,0,0,0
83,86,8,6,281,"Lakes\Canal 2(JB).jpg",0.00000000e+00,0.00000000e+00,,0,0,0.00000000e+00,,,,2,16777215,65535,,0,0,0
83,86,8,6,282,"Candles\candle (JB).jpg",0.00000000e+00,0.00000000e+00,,0,0,0.00000000e+00,,,,6,16777215,16776960,,0,0,0
70,82,8,21,287,"Sea\Choppy sea (JB).jpg",0.00000000e+00,0.00000000e+00,,0,0,0.00000000e+00,,,,2,16777215,,,0,0,0
69,93,3,6,291,"Landscapes\Cornfield (JB).jpg",0.00000000e+00,0.00000000e+00,,0,0,0.00000000e+00,,,,2,65535,65535,,0,0,0
83,86,8,6,292,"Landscapes\Cornfield 2 (JB).jpg",0.00000000e+00,0.00000000e+00,,0,0,0.00000000e+00,,,,2,65535,,,0,0,0
83,86,8,6,293,"Skies\Country Lane (FF).jpg",0.00000000e+00,0.00000000e+00,,0,0,0.00000000e+00,,,,0,65280,,,0,0,0
83,86,8,6,295,"Crosses\Cross on a hill (FF).jpg",0.00000000e+00,0.00000000e+00,,0,0,0.00000000e+00,,,,2,16777215,,,0,0,0
83,93,3,5,297,"Sunsets\Dark sunset (FF).jpg",0.00000000e+00,0.00000000e+00,,0,0,0.00000000e+00,,,,2,16777215,65535,0.00000000e+00,0,0,0
65,93,3,6,298,"Sunsets\dawn lake (JB).jpg",0.00000000e+00,0.00000000e+00,,0,0,0.00000000e+00,,,,2,16777215,16777215,0.00000000e+00,0,0,0
65,93,3,6,302,"Rocks\Dry stone wall (JB).jpg",0.00000000e+00,0.00000000e+00,,0,0,0.00000000e+00,,,,0,16777215,16777215,,0,0,0
83,86,8,6,303,"Sunsets\Dusk 1(SS).jpg",0.00000000e+00,0.00000000e+00,,0,0,0.00000000e+00,,,,2,16777215,,,0,0,0
83,90,6,6,306,"Patterns\Endless Ocean (AK).jpg",0.00000000e+00,0.00000000e+00,,0,0,0.00000000e+00,,,,2,16777215,65535,1.00000000e+00,0,0,0
83,66,3,6,307,"Sunsets\Evening Sun (JB).jpg",0.00000000e+00,0.00000000e+00,,0,0,0.00000000e+00,,,,0,65535,65535,,0,0,0
55,93,3,6,308,"Rocks\Field gateway (JB).jpg",0.00000000e+00,0.00000000e+00,,0,0,0.00000000e+00,,,,0,65535,6750105,,0,0,0
83,86,8,6,309,"Landscapes\field4 (JB).jpg",0.00000000e+00,0.00000000e+00,,0,0,0.00000000e+00,,,,2,65535,,,0,0,0
83,63,8,6,311,"Flowers\Flower 2 (FF).jpg",0.00000000e+00,0.00000000e+00,,0,0,0.00000000e+00,,,,0,16777215,,,0,0,0
82,93,3,6,312,"Coastal\Footprints (JB).jpg",0.00000000e+00,0.00000000e+00,,0,0,0.00000000e+00,,,,2,64,64,,0,0,0
82,93,3,6,313,"Castles\Fortress (JB).jpg",0.00000000e+00,0.00000000e+00,,0,0,0.00000000e+00,,,,0,16777215,3407769,0.00000000e+00,0,0,0
83,86,8,6,314,"Patterns\Frosty leaves (FF).jpg",0.00000000e+00,0.00000000e+00,,0,0,0.00000000e+00,,,,2,16777215,16777215,0.00000000e+00,0,0,0
83,86,8,6,315,"Landscapes\Frosty morning (RW).jpg",0.00000000e+00,0.00000000e+00,,0,0,0.00000000e+00,,,,2,16777215,16777215,,0,0,0
64,86,8,27,316,"Landscapes\Giant man on hillside (JB).jpg",0.00000000e+00,0.00000000e+00,,0,0,0.00000000e+00,,,,2,65280,,,0,0,0
83,86,8,6,318,"Mountains\Green mountains (RW).jpg",0.00000000e+00,0.00000000e+00,,0,0,0.00000000e+00,,,,2,12615680,12615680,,0,0,0
83,86,8,6,319,"Mountains\Green mountains 2 (RW).jpg",0.00000000e+00,0.00000000e+00,,0,0,0.00000000e+00,,,,2,12615680,12615680,,0,0,0
53,83,8,39,320,"Lakes\green river (JB).jpg",0.00000000e+00,0.00000000e+00,,0,0,0.00000000e+00,,,,2,65535,,,0,0,0
72,86,3,6,321,"Coastal\Grenada (JB).jpg",0.00000000e+00,0.00000000e+00,,0,0,0.00000000e+00,,,,0,16776960,16776960,,0,0,0
83,86,8,6,323,"Lakes\High View 1(SS).JPG",0.00000000e+00,0.00000000e+00,,0,0,0.00000000e+00,,,,0,8404992,,,0,0,0
83,86,8,6,326,"Landscapes\Hills 2(SS).JPG",0.00000000e+00,0.00000000e+00,,0,0,0.00000000e+00,,,,2,16777215,,,0,0,0
83,86,8,6,327,"Landscapes\Hills with lake (SG).jpg",0.00000000e+00,0.00000000e+00,,0,0,0.00000000e+00,,,,2,65535,,,0,0,0
83,86,8,6,329,"Coastal\Houses on hill (RW).jpg",0.00000000e+00,0.00000000e+00,,0,0,0.00000000e+00,,,,2,8421376,16777215,,0,0,0
83,86,8,6,331,"Misty\island tree (JB).jpg",0.00000000e+00,0.00000000e+00,,0,0,0.00000000e+00,,,,0,16777215,16777215,0.00000000e+00,0,0,0
65,86,8,26,332,"Lakes\Lake 1 (JB).jpg",0.00000000e+00,0.00000000e+00,,0,0,0.00000000e+00,,,,2,16776960,,,0,0,0
53,85,9,40,333,"Lakes\Lake 1 (SG).jpg",0.00000000e+00,0.00000000e+00,,0,0,0.00000000e+00,,,,2,65535,,,0,0,0
77,93,3,6,334,"Lakes\Lake 1(SS).jpg",0.00000000e+00,0.00000000e+00,,0,0,0.00000000e+00,,,,2,16777215,16777215,,0,0,0
50,93,3,42,335,"Lakes\Lake 2 (JB).jpg",0.00000000e+00,0.00000000e+00,,0,0,0.00000000e+00,,,,2,26367,65535,0.00000000e+00,0,0,0
75,86,3,6,337,"Lakes\Lake 2(SS).jpg",0.00000000e+00,0.00000000e+00,,0,0,0.00000000e+00,,,,0,16777215,16777215,,0,0,0
48,85,8,6,338,"Lakes\Lake 3 (SG).jpg",0.00000000e+00,0.00000000e+00,,0,0,0.00000000e+00,,,,2,8404992,65535,,0,0,0
46,85,8,6,339,"Lakes\Lake 3(JB).jpg",0.00000000e+00,0.00000000e+00,,0,0,0.00000000e+00,,,,2,8404992,,,0,0,0
68,85,8,6,340,"Lakes\Lake and Sun 1 (JB).jpg",0.00000000e+00,0.00000000e+00,,0,0,0.00000000e+00,,,,2,4194368,65535,,0,0,0
74,93,3,6,341,"Lakes\Lake with Island (JB).jpg",0.00000000e+00,0.00000000e+00,,0,0,0.00000000e+00,,,,2,65535,65535,,0,0,0
83,92,4,6,342,"Lakes\Lake with tree (JB).jpg",0.00000000e+00,0.00000000e+00,,0,0,0.00000000e+00,,,,2,16777215,16777215,,0,0,0
69,67,23,22,343,"Lakes\Lake7 (JB).jpg",0.00000000e+00,0.00000000e+00,,0,0,0.00000000e+00,,,,2,4194368,16777215,,0,0,0
68,86,8,22,344,"Lakes\Lake9 (JB).jpg",0.00000000e+00,0.00000000e+00,,0,0,0.00000000e+00,,,,2,65280,,,0,0,0
83,86,8,6,345,"Landscapes\Land 1.jpg",0.00000000e+00,0.00000000e+00,,0,0,0.00000000e+00,,,,2,16777215,16777215,,0,0,0
83,86,8,6,346,"Fireworks\large firework (JB).jpg",0.00000000e+00,0.00000000e+00,,0,0,0.00000000e+00,,,,2,65535,,,0,0,0
83,86,8,6,350,"Coastal\Lighthouse 1 (JB).jpg",0.00000000e+00,0.00000000e+00,,0,0,0.00000000e+00,,,,0,8404992,16777215,,0,0,0
74,86,8,6,351,"Misty\Mist 1 (JB).jpg",0.00000000e+00,0.00000000e+00,,0,0,0.00000000e+00,,,,2,8421376,,,0,0,0
83,86,8,6,352,"Misty\Mist 1(SS).jpg",0.00000000e+00,0.00000000e+00,,0,0,0.00000000e+00,,,,2,16777215,16777215,,0,0,0
83,86,8,6,353,"Misty\Mist 3 (JB).jpg",0.00000000e+00,0.00000000e+00,,0,0,0.00000000e+00,,,,0,12615680,,,0,0,0
54,86,8,39,354,"Misty\Misty Mountains 1 (JB).jpg",0.00000000e+00,0.00000000e+00,,0,0,0.00000000e+00,,,,0,16777215,,,0,0,0
83,86,8,6,355,"Misty\misty mountains 2 (JB).jpg",0.00000000e+00,0.00000000e+00,,0,0,0.00000000e+00,,,,2,16777215,16777215,,0,0,0
83,86,8,6,356,"Misty\Misty Mountains 3 (JB).jpg",0.00000000e+00,0.00000000e+00,,0,0,0.00000000e+00,,,,2,16777215,,,0,0,0
66,85,8,8,357,"Misty\Misty River 1 DI).jpg",0.00000000e+00,0.00000000e+00,,0,0,0.00000000e+00,,,,0,8421376,,,0,0,0
83,86,8,6,358,"Misty\Misty River 2 DI).jpg",0.00000000e+00,0.00000000e+00,,0,0,0.00000000e+00,,,,2,16777215,,,0,0,0
59,86,8,27,359,"Misty\Misty River 3 (DI).jpg",0.00000000e+00,0.00000000e+00,,0,0,0.00000000e+00,,,,2,65535,,,0,0,0
75,93,3,6,360,"Lakes\Mooring 1(SS).jpg",0.00000000e+00,0.00000000e+00,,0,0,0.00000000e+00,,,,2,16777215,16777215,,0,0,0
73,86,8,16,361,"Lakes\Mooring 2(SS).jpg",0.00000000e+00,0.00000000e+00,,0,0,0.00000000e+00,,,,2,16777215,,,0,0,0
82,86,8,6,362,"Misty\Mooring 3(SS).jpg",0.00000000e+00,0.00000000e+00,,0,0,0.00000000e+00,,,,0,16777215,16777215,,0,0,0
76,92,4,6,363,"Lakes\Mooring 4(SS).jpg",0.00000000e+00,0.00000000e+00,,0,0,0.00000000e+00,,,,0,16777215,16777215,,0,0,0
52,93,3,6,365,"Mountains\Mountain 1 (SG).jpg",0.00000000e+00,0.00000000e+00,,0,0,0.00000000e+00,,,,2,10485760,10485760,,0,0,0
83,86,8,6,366,"Mountains\Mountains (SG).jpg",0.00000000e+00,0.00000000e+00,,0,0,0.00000000e+00,,,,2,32768,,,0,0,0
83,86,8,6,367,"Mountains\Mountains 1(SS).jpg",0.00000000e+00,0.00000000e+00,,0,0,0.00000000e+00,,,,2,16777215,,,0,0,0
83,86,8,6,368,"Landscapes\Mountains 2(SS).JPG",0.00000000e+00,0.00000000e+00,,0,0,0.00000000e+00,,,,0,16777215,,,0,0,0
83,93,3,6,369,"Lakes\Mountains 3(SS).JPG",0.00000000e+00,0.00000000e+00,,0,0,0.00000000e+00,,,,2,16777215,16777215,,0,0,0
83,86,8,6,370,"Patterns\Ocean (AK).jpg",0.00000000e+00,0.00000000e+00,,0,0,0.00000000e+00,,,,2,16777215,16777215,,0,0,0
83,86,8,6,371,"Sea\Orange sky (FF).jpg",0.00000000e+00,0.00000000e+00,,0,0,0.00000000e+00,,,,2,65535,,,0,0,0
82,93,3,6,372,"Coastal\Overlooking white cliffs (JB).jpg",0.00000000e+00,0.00000000e+00,,0,0,0.00000000e+00,,,,0,16777215,16777215,0.00000000e+00,0,0,0
83,86,8,6,374,"Skies\Palm Trees (AK).jpg",0.00000000e+00,0.00000000e+00,,0,0,0.00000000e+00,,,,2,16776960,,,0,0,0
58,86,8,31,375,"Landscapes\Panoramic hilltops (SG).jpg",0.00000000e+00,0.00000000e+00,,0,0,0.00000000e+00,,,,0,65535,,,0,0,0
62,75,13,6,377,"Spring\Pink flowers & rocks (RW).jpg",0.00000000e+00,0.00000000e+00,,0,0,0.00000000e+00,,,,2,16776960,16776960,,0,0,0
83,86,8,6,378,"Skies\Pink sky (DI).jpg",0.00000000e+00,0.00000000e+00,,0,0,0.00000000e+00,,,,2,16512,65535,,0,0,0
83,86,8,6,379,"Trees\Pink sky, dark trees (DI).jpg",0.00000000e+00,0.00000000e+00,,0,0,0.00000000e+00,,,,2,65535,,,0,0,0
40,86,8,23,380,"Spring\Pond 1 (JB).jpg",0.00000000e+00,0.00000000e+00,,0,0,0.00000000e+00,,,,2,65535,,,0,0,0
82,93,3,6,381,"Coastal\Purple Coastline (AK).jpg",0.00000000e+00,0.00000000e+00,,0,0,0.00000000e+00,,,,2,16777215,16777215,7.50000000e-01,0,0,0
83,86,8,6,384,"Skies\Radar dish (FF).jpg",0.00000000e+00,0.00000000e+00,,0,0,0.00000000e+00,,,,0,65535,,,0,0,0
83,86,8,6,385,"Skies\Rainbow (JB).jpg",0.00000000e+00,0.00000000e+00,,0,0,0.00000000e+00,,,,0,4259584,,,0,0,0
62,93,3,6,387,"Landscapes\Rape field (JB).jpg",0.00000000e+00,0.00000000e+00,,0,0,0.00000000e+00,,,,2,65535,16777215,,0,0,0
66,86,8,25,391,"Lakes\River 1 (JB).jpg",0.00000000e+00,0.00000000e+00,,0,0,0.00000000e+00,,,,2,65535,65535,0.00000000e+00,0,0,0
59,85,8,33,392,"Lakes\River 10 (JB).jpg",0.00000000e+00,0.00000000e+00,,0,0,0.00000000e+00,,,,2,16777215,,,0,0,0
45,86,8,48,393,"Lakes\River 2 (JB).jpg",0.00000000e+00,0.00000000e+00,,0,0,0.00000000e+00,,,,0,65535,,,0,0,0
59,86,8,33,394,"Lakes\River with cottage (DI).jpg",0.00000000e+00,0.00000000e+00,,0,0,0.00000000e+00,,,,6,65535,,,0,0,0
59,84,8,33,395,"Landscapes\Road through hills (SG).jpg",0.00000000e+00,0.00000000e+00,,0,0,0.00000000e+00,,,,0,65535,,,0,0,0
83,74,22,6,396,"Coastal\Rock island (RW).jpg",0.00000000e+00,0.00000000e+00,,0,0,0.00000000e+00,,,,1,8404992,8404992,0.00000000e+00,0,0,0
78,68,28,6,398,"Rocks\Rocks 3 (JB).jpg",0.00000000e+00,0.00000000e+00,,0,0,0.00000000e+00,,,,2,10485760,10485760,,0,0,0
82,62,34,6,399,"Coastal\Rocks and Sea 4 (JB).jpg",0.00000000e+00,0.00000000e+00,,0,0,0.00000000e+00,,,,1,16777215,65535,0.00000000e+00,0,0,0
72,52,3,6,400,"Rocks\Rocks and Sea 7 (JB).jpg",0.00000000e+00,0.00000000e+00,,0,0,0.00000000e+00,,,,0,8388672,8388672,,0,0,0
53,83,8,6,401,"Rocks\Rocks2 (JB).jpg",0.00000000e+00,0.00000000e+00,,0,0,0.00000000e+00,,,,2,10485760,16777215,0.00000000e+00,0,0,0
56,93,3,6,403,"Landscapes\rocky hills (JB).jpg",0.00000000e+00,0.00000000e+00,,0,0,0.00000000e+00,,,,4,16777215,16777215,,0,0,0
83,86,8,6,405,"Waterfalls\Rocky river (FF).jpg",0.00000000e+00,0.00000000e+00,,0,0,0.00000000e+00,,,,2,16777215,,,0,0,0
83,86,8,6,409,"Coastal\Sandy riverside 1 (JB).jpg",0.00000000e+00,0.00000000e+00,,0,0,0.00000000e+00,,,,2,16777215,,,0,0,0
83,86,8,6,410,"Coastal\Sandy Riverside 2 (JB).jpg",0.00000000e+00,0.00000000e+00,,0,0,0.00000000e+00,,,,2,16776960,16776960,0.00000000e+00,0,0,0
83,86,8,6,413,"Coastal\Sea and Foreground 1(SS).JPG",0.00000000e+00,0.00000000e+00,,0,0,0.00000000e+00,,,,2,16777215,65535,,0,0,0
73,93,3,6,416,"Coastal\Sea and Rocks (JB).jpg",0.00000000e+00,0.00000000e+00,,0,0,0.00000000e+00,,,,2,0,16776960,0.00000000e+00,0,0,0
65,86,8,6,417,"Coastal\Sea and Sky1 (JB).jpg",0.00000000e+00,0.00000000e+00,,0,0,0.00000000e+00,,,,2,16777215,,,0,0,0
83,86,8,6,418,"Coastal\Sea Front 1(SS).JPG",0.00000000e+00,0.00000000e+00,,0,0,0.00000000e+00,,,,2,16777215,,,0,0,0
83,86,8,6,419,"Lakes\Sea View 1(SS).JPG",0.00000000e+00,0.00000000e+00,,0,0,0.00000000e+00,,,,2,16776960,,,0,0,0
83,86,8,6,420,"Coastal\Sea View 2(SS).JPG",0.00000000e+00,0.00000000e+00,,0,0,0.00000000e+00,,,,2,65535,,,0,0,0
83,86,8,6,421,"Sea\Shipreck (JB).jpg",0.00000000e+00,0.00000000e+00,,0,0,0.00000000e+00,,,,2,16777215,,,0,0,0
83,86,8,6,423,"Skies\Sky 1 (FF).jpg",0.00000000e+00,0.00000000e+00,,0,0,0.00000000e+00,,,,2,16777215,,,0,0,0
83,86,8,6,424,"Skies\Sky 2 (FF).jpg",0.00000000e+00,0.00000000e+00,,0,0,0.00000000e+00,,,,2,16777215,,,0,0,0
71,77,3,6,425,"Sunsets\Sky and lamp (FF).jpg",0.00000000e+00,0.00000000e+00,,0,0,0.00000000e+00,,,,0,65535,65535,,0,0,0
83,86,8,6,426,"Skies\Sky1 (JB).jpg",0.00000000e+00,0.00000000e+00,,0,0,0.00000000e+00,,,,2,16776960,,,0,0,0
83,86,8,6,427,"Coastal\Slipway (JB).jpg",0.00000000e+00,0.00000000e+00,,0,0,0.00000000e+00,,,,2,16777215,65535,,0,0,0
83,86,8,6,428,"Fireworks\small firework (JB).jpg",0.00000000e+00,0.00000000e+00,,0,0,0.00000000e+00,,,,0,16777215,,,0,0,0
65,86,8,26,429,"Lakes\small Lake (JB).jpg",0.00000000e+00,0.00000000e+00,,0,0,0.00000000e+00,,,,2,16777215,,,0,0,0
83,93,3,6,430,"Lakes\Small Lake 3.jpg",0.00000000e+00,0.00000000e+00,,0,0,0.00000000e+00,,,,2,16777215,16777215,,0,0,0
62,93,3,6,431,"Rocks\Small lake with rocks (JB).jpg",0.00000000e+00,0.00000000e+00,,0,0,0.00000000e+00,,,,2,16777215,16777062,,0,0,0
69,93,3,6,432,"Lakes\small Lake2 (JB).jpg",0.00000000e+00,0.00000000e+00,,0,0,0.00000000e+00,,,,2,16777215,65535,0.00000000e+00,0,0,0
63,86,8,28,433,"Snow and Ice\Snow & Holly (RW).jpg",0.00000000e+00,0.00000000e+00,,0,0,0.00000000e+00,,,,2,255,,,0,0,0
83,86,8,6,434,"Snow and Ice\snow and ice (JB).jpg",0.00000000e+00,0.00000000e+00,,0,0,0.00000000e+00,,,,0,16776960,,,0,0,0
83,93,3,6,435,"Mountains\Snowcapped mountains (JB).jpg",0.00000000e+00,0.00000000e+00,,0,0,0.00000000e+00,,,,2,16777215,16777215,,0,0,0
68,86,8,6,440,"Mountains\Snowy Mountains and lake 4 (SG).jpg",0.00000000e+00,0.00000000e+00,,0,0,0.00000000e+00,,,,2,4194368,65535,0.00000000e+00,0,0,0
44,85,8,6,441,"Mountains\Snowy Mountains and lake 5 (SG).jpg",0.00000000e+00,0.00000000e+00,,0,0,0.00000000e+00,,,,2,16777215,,,0,0,0
38,85,8,6,442,"Mountains\Snowy Mountains and lake 6 (SG).jpg",0.00000000e+00,0.00000000e+00,,0,0,0.00000000e+00,,,,2,4194368,,,0,0,0
58,86,8,6,443,"Mountains\Snowy Mountains(SG).jpg",0.00000000e+00,0.00000000e+00,,0,0,0.00000000e+00,,,,2,0,8404992,,0,0,0
83,86,8,6,444,"Misty\sparkle water (JB).jpg",0.00000000e+00,0.00000000e+00,,0,0,0.00000000e+00,,,,0,4194368,4194368,,0,0,0
82,93,3,6,445,"Lakes\Sparkling water 2 (RW).jpg",0.00000000e+00,0.00000000e+00,,0,0,0.00000000e+00,,,,2,16777215,0,0.00000000e+00,0,0,0
34,93,3,61,446,"Landscapes\Sun Glare 1(SS).jpg",0.00000000e+00,0.00000000e+00,,0,0,0.00000000e+00,,,,2,65535,65535,,0,0,0
83,86,8,6,447,"Skies\sunbeams (FF).jpg",0.00000000e+00,0.00000000e+00,,0,0,0.00000000e+00,,,,2,65535,,,0,0,0
82,50,3,6,448,"Flowers\Sunflower (FF).jpg",0.00000000e+00,0.00000000e+00,,0,0,0.00000000e+00,,,,0,65535,16777215,7.50000000e-01,0,0,0
83,86,8,6,450,"Sunsets\Sunset 1 (FF).jpg",0.00000000e+00,0.00000000e+00,,0,0,0.00000000e+00,,,,0,4227327,,,0,0,0
83,86,8,6,451,"Sunsets\Sunset 1(SS).jpg",0.00000000e+00,0.00000000e+00,,0,0,0.00000000e+00,,,,2,16776960,,,0,0,0
61,86,8,6,452,"Sunsets\Sunset 2 (JB).jpg",0.00000000e+00,0.00000000e+00,,0,0,0.00000000e+00,,,,2,10485760,16777215,,0,0,0
83,86,8,6,453,"Sunsets\Sunset 2(SS).jpg",0.00000000e+00,0.00000000e+00,,0,0,0.00000000e+00,,,,2,65535,,,0,0,0
83,59,29,6,455,"Sunsets\Sunset 3(SS).jpg",0.00000000e+00,0.00000000e+00,,0,0,0.00000000e+00,,,,2,16777215,,,0,0,0
83,86,8,6,456,"Sunsets\Sunset 4 (JB).jpg",0.00000000e+00,0.00000000e+00,,0,0,0.00000000e+00,,,,2,16777215,,,0,0,0
83,86,8,6,457,"Landscapes\Sunset 4(SS).jpg",0.00000000e+00,0.00000000e+00,,0,0,0.00000000e+00,,,,2,65535,65535,,0,0,0
83,86,8,6,458,"Coastal\Sunset 5(SS).jpg",0.00000000e+00,0.00000000e+00,,0,0,0.00000000e+00,,,,2,16777215,,,0,0,0
83,86,8,6,459,"Sunsets\Sunset Beach 1 (JB).jpg",0.00000000e+00,0.00000000e+00,,0,0,0.00000000e+00,,,,0,16777215,,,0,0,0
83,86,8,6,460,"Sunsets\Sunset Beach 2(JB).jpg",0.00000000e+00,0.00000000e+00,,0,0,0.00000000e+00,,,,0,65535,,,0,0,0
57,93,3,8,461,"Sunsets\Sunset beach 3 (JB).jpg",0.00000000e+00,0.00000000e+00,,0,1,0.00000000e+00,,,,0,65535,65535,7.50000000e-01,0,0,0
83,86,8,6,462,"Skies\Sunset10 (JB).JPG",0.00000000e+00,0.00000000e+00,,0,0,0.00000000e+00,,,,2,16777215,,,0,0,0
83,86,8,6,463,"Coastal\sunset4 (JB).jpg",0.00000000e+00,0.00000000e+00,,0,0,0.00000000e+00,,,,2,16777215,,,0,0,0
83,86,8,6,464,"Sea\Surfers1 (JB).jpg",0.00000000e+00,0.00000000e+00,,0,0,0.00000000e+00,,,,2,4210688,,,0,0,0
83,86,8,6,466,"Landscapes\Tracks (DI).jpg",0.00000000e+00,0.00000000e+00,,0,0,0.00000000e+00,,,,0,65535,,,0,0,0
71,93,3,6,468,"Landscapes\Tree in building (FF).jpg",0.00000000e+00,0.00000000e+00,,0,0,0.00000000e+00,,,,2,65535,65535,,0,0,0
82,93,3,6,470,"Landscapes\Tree View 2(SS).JPG",0.00000000e+00,0.00000000e+00,,0,0,0.00000000e+00,,,,2,16777215,16777215,,0,0,0
82,93,3,6,471,"Landscapes\Tree View 3(SS).JPG",0.00000000e+00,0.00000000e+00,,0,0,0.00000000e+00,,,,6,65535,65535,,0,0,0
80,74,3,6,474,"Flowers\Tulip (FF).jpg",0.00000000e+00,0.00000000e+00,,0,0,0.00000000e+00,,,,0,16777215,16777215,,0,0,0
62,86,8,29,475,"Coastal\Turquoise coastline (RW).jpg",0.00000000e+00,0.00000000e+00,,0,0,0.00000000e+00,,,,2,16776960,,,0,0,0
65,86,8,26,476,"Coastal\Turquoise coastline 2 (RW).jpg",0.00000000e+00,0.00000000e+00,,0,0,0.00000000e+00,,,,2,16777215,,,0,0,0
83,86,8,6,477,"Sea\Turquoise sea (JB).jpg",0.00000000e+00,0.00000000e+00,,0,0,0.00000000e+00,,,,2,16776960,,,0,0,0
83,86,8,6,480,"Skies\Very pink Sunset 1 (JB).jpg",0.00000000e+00,0.00000000e+00,,0,0,0.00000000e+00,,,,1,16777215,16777215,0.00000000e+00,0,0,0
83,86,8,6,481,"Skies\Very pink Sunset 2 (JB).jpg",0.00000000e+00,0.00000000e+00,,0,0,0.00000000e+00,,,,2,16777215,,,0,0,0
83,70,21,6,485,"Coastal\waves on shore (SG).jpg",0.00000000e+00,0.00000000e+00,,0,0,0.00000000e+00,,,,0,4194368,,,0,0,0
83,86,8,6,486,"Misty\Weir (DI).jpg",0.00000000e+00,0.00000000e+00,,0,0,0.00000000e+00,,,,2,65535,65535,,0,0,0
83,86,8,6,490,"Coastal\White cliffs with Lighthouse (JB).jpg",0.00000000e+00,0.00000000e+00,,0,0,0.00000000e+00,,,,2,65535,65535,,0,0,0
83,86,8,6,493,"Trees\Windblown tree 2 (JB).jpg",0.00000000e+00,0.00000000e+00,,0,0,0.00000000e+00,,,,2,16776960,,,0,0,0
67,88,8,24,498,"Spring\Yellow field (DI).jpg",0.00000000e+00,0.00000000e+00,,0,0,0.00000000e+00,,,,2,16777215,16777215,,0,0,0
